timestamp,Gross Return,Friction Costs,Net Return,Equity Curve,Drawdown,Turnover
2026-01-02 09:00:00,0.0,0.0,0.0,1.0,0.0,0.0
2026-01-02 10:00:00,0.0,0.00020000000000000004,-0.00020000000000000004,0.9998,-0.00019999999999997797,0.5
2026-01-02 11:00:00,-0.0038486222357365075,6.666666666666666e-05,-0.003915288902403174,0.9958854941553773,-0.004114505844622696,0.16666666666666663
2026-01-02 12:00:00,0.004349979000310608,3.333333333333337e-05,0.004316645666977275,1.0001843789585285,0.0,0.08333333333333341
2026-01-02 13:00:00,0.003314355096960628,1.999999999999998e-05,0.003294355096960628,1.003479341465251,0.0,0.04999999999999995
2026-01-02 14:00:00,-0.0012388222342906404,1.5253618562685874e-05,-0.0012540758528533263,1.0022209022542823,-0.0012540758528532846,0.03813404640671468
2026-01-02 15:00:00,0.0026071808989975446,7.043948246206423e-06,0.002600136950751338,1.004826813855049,0.0,0.017609870615516054
2026-01-05 09:00:00,-0.019710944496409123,1.3302176331291215e-05,-0.019724246672740413,0.9850073619151881,-0.019724246672740402,0.03325544082822804
2026-01-05 10:00:00,0.0029039927764426855,1.14888308538804e-05,0.002892503945588805,0.9878564995959618,-0.016888795188476306,0.028722077134701
2026-01-05 11:00:00,-4.974376206163888e-05,8.063898500096757e-06,-5.780766056173564e-05,0.9877993939227494,-0.016945626547298517,0.020159746250241896
2026-01-05 12:00:00,0.004419651919976822,7.335795197245786e-06,0.004412316124779577,0.9921578771166022,-0.012608079883778128,0.01833948799311446
2026-01-05 13:00:00,3.422348853119044e-05,5.793288119666241e-06,2.8430200411524196e-05,0.9921860843638884,-0.012580008133604553,0.014483220299165604
2026-01-05 14:00:00,-0.0009536938397534521,4.436597826369776e-06,-0.000958130437579822,0.9912354406767162,-0.01352608528248662,0.011091494565924441
2026-01-05 15:00:00,0.0019420323663504402,4.7584556982629185e-06,0.0019372739106521774,0.9931557352352531,-0.01161501510396535,0.011896139245657297
2026-01-06 09:00:00,0.02596735776304972,4.231968762548631e-06,0.02596312579428717,1.0189411625224838,0.0,0.010579921906371578
2026-01-06 10:00:00,0.0033341613136827555,3.6614306437405974e-06,0.003330499883039015,1.0223347459450887,0.0,0.009153576609351493
2026-01-06 11:00:00,0.006241449298490033,3.0470858022333834e-06,0.006238402212687799,1.0287124812863002,0.0,0.007617714505583458
2026-01-06 12:00:00,0.0038859860526059497,4.194916782147459e-06,0.003881791135823802,1.0327057282774685,0.0,0.010487291955368645
2026-01-06 13:00:00,-0.0005380127535101063,4.310916786089544e-06,-0.0005423236702961959,1.0321456675165732,-0.000542323670296174,0.01077729196522386
2026-01-06 14:00:00,-0.003083678841932124,6.320862414378513e-06,-0.0030899997043465025,1.0289563377091044,-0.003630647594661842,0.015802156035946282
2026-01-06 15:00:00,0.00032123599569052386,6.921380867313491e-06,0.00031431461482321035,1.0292797537240614,-0.0033174741454388462,0.017303452168283728
2026-01-07 09:00:00,-0.02707313120015849,5.131655352335696e-06,-0.027078262855510828,1.0014086460008658,-0.030305905564023208,0.012829138380839239
2026-01-07 10:00:00,0.004855526360563829,6.617676455389094e-06,0.004848908684108441,1.0062643850808006,-0.02560394744858394,0.016544191138472733
2026-01-07 11:00:00,-0.004254593541444169,5.491349820985911e-06,-0.004260084891265155,1.0019776133772997,-0.02975495735016659,0.013728374552464777
2026-01-07 12:00:00,-0.0012772588764495328,1.3880791278000055e-05,-0.001291139667727533,1.0006839203344933,-0.031007679212147848,0.034701978195000135
2026-01-07 13:00:00,0.009380422717178469,1.512073041046161e-05,0.009365301986768007,1.0100556274417287,-0.021932773505110414,0.03780182602615402
2026-01-07 14:00:00,-0.0036953475845406493,1.4769014220631975e-05,-0.0037101165987612813,1.0063082032926849,-0.025561516956833546,0.036922535551579934
2026-01-07 15:00:00,-0.0009858824594922305,1.4165149175322737e-05,-0.0010000476086675532,1.0053018471803994,-0.02653600183159461,0.03541287293830685
2026-01-08 09:00:00,0.007931670612833674,8.22967357946567e-06,0.00792344093925421,1.0132672969926564,-0.018822817335617036,0.02057418394866417
2026-01-08 10:00:00,-0.0024617116914265724,9.34576586633392e-06,-0.0024710574572929063,1.0107634552821916,-0.021247362529765577,0.023364414665834797
2026-01-08 11:00:00,-0.002429439745608679,7.426979354792699e-06,-0.002436866724963472,1.0083003594512052,-0.023632452263987108,0.018567448386981746
2026-01-08 12:00:00,-0.0009011069978032162,7.506449306740062e-06,-0.0009086134471099562,1.007384204185882,-0.024519592947181836,0.018766123266850156
2026-01-08 13:00:00,-0.0020410693400170392,7.267331177791606e-06,-0.0020483366711948306,1.0053207421784656,-0.026517705236980292,0.018168327944479014
2026-01-08 14:00:00,0.004614002078310089,3.5427667974730513e-06,0.004610459311512616,1.009955732555299,-0.02202950472649748,0.008856916993682629
2026-01-08 15:00:00,0.0008562796769581824,2.0379922636078607e-06,0.0008542416846945745,1.010818478841744,-0.021194081563033432,0.00509498065901965
2026-01-09 09:00:00,0.03209099496484581,3.671408603071372e-06,0.03208732355624274,1.0432529384289682,0.0,0.009178521507678429
2026-01-09 10:00:00,0.002367290143836282,3.6983829009845596e-06,0.0023635917609352974,1.0457187624788105,0.0,0.009245957252461398
2026-01-09 11:00:00,-0.003021834483050299,2.9575361613974883e-06,-0.0030247920192116966,1.0425556807117247,-0.0030247920192116567,0.00739384040349372
2026-01-09 12:00:00,0.005552614938043675,1.4851650702280907e-05,0.005537763287341394,1.0483291072853793,0.0,0.03712912675570226
2026-01-09 13:00:00,0.0033229900702485726,1.2808850567169174e-05,0.0033101812196814034,1.0517992666083607,0.0,0.03202212641792294
2026-01-09 14:00:00,0.004090996873249576,1.2988921923524016e-05,0.0040780079513260525,1.0560885123807884,0.0,0.03247230480881004
2026-01-09 15:00:00,0.0007101763656098073,1.289376064593512e-05,0.0006972826049638721,1.0568249045297737,0.0,0.0322344016148378
2026-01-12 09:00:00,-0.0026261598768289136,1.4526681332373969e-05,-0.0026406865581612878,1.054034161210052,-0.0026406865581612734,0.036316703330934924
2026-01-12 10:00:00,0.0003253260715164012,1.4497008458452907e-05,0.00031082906305794834,1.0543617856608118,-0.002330678297232061,0.036242521146132266
2026-01-12 11:00:00,-0.001877879005275513,1.4357678055857323e-05,-0.0018922366833313703,1.0523666836124816,-0.004218504785592406,0.0358941951396433
2026-01-12 12:00:00,0.0033353590334628093,1.4282534201071672e-05,0.0033210764992617375,1.055861673874033,-0.0009114382634362301,0.03570633550267917
2026-01-12 13:00:00,-0.0002489836499091195,1.403030006680518e-05,-0.0002630139499759247,1.055583967524559,-0.0011742124924344066,0.03507575016701295
2026-01-12 14:00:00,-0.0015272688383396625,1.5804457669415657e-05,-0.0015430732960090782,1.0539551240925766,-0.0027154738925025497,0.03951114417353914
2026-01-12 15:00:00,0.0021124973581750687,1.5353518163337277e-05,0.0020971438400117313,1.0561654195887162,-0.0006240247918371403,0.03838379540834319
2026-01-13 09:00:00,-0.0021762770418848566,1.580943244181732e-05,-0.002192086474326674,1.0538502136577843,-0.0028147433498579345,0.03952358110454331
2026-01-13 10:00:00,0.008273324924184516,1.589099827789179e-05,0.008257433925906624,1.0625523121648661,0.0,0.03972749569472948
2026-01-13 11:00:00,-0.0009987668185078053,1.3774074859056634e-05,-0.001012540893366862,1.0614764344974577,-0.0010125408933668867,0.034435187147641586
2026-01-13 12:00:00,-0.0009296949605253838,7.500000000000019e-06,-0.0009371949605253839,1.0604816241323303,-0.0019487869056696017,0.018750000000000044
2026-01-13 13:00:00,-0.004151480951730397,9.642857142857146e-06,-0.004161123808873254,1.0560688287972806,-0.006101801570951313,0.02410714285714286
2026-01-13 14:00:00,-0.009753278716028093,8.214285714285733e-06,-0.009761493001742378,1.0457600203156177,-0.01580373187936084,0.02053571428571433
2026-01-13 15:00:00,-0.0036923321190012732,9.999999999999996e-06,-0.0037023321190012733,1.0418882694036358,-0.019447553334225022,0.02499999999999999
2026-01-14 09:00:00,-0.008773165614881727,7.686985166166812e-06,-0.008780852600047894,1.0327396020842834,-0.028057639835013574,0.01921746291541703
2026-01-14 10:00:00,0.008655144022019013,7.423875397102178e-06,0.008647720146621912,1.041670445147442,-0.019652554305659622,0.018559688492755445
2026-01-14 11:00:00,-0.0024938323546729803,5.532397767923402e-06,-0.002499364752440904,1.0390669307531808,-0.022102800156573676,0.013830994419808505
2026-01-14 12:00:00,0.008204592346952892,6.4220406411168355e-06,0.008198170306311776,1.0475853784111522,-0.014085832370191731,0.01605510160279209
2026-01-14 13:00:00,0.006560792542946473,5.072181935094175e-06,0.006555720361011379,1.0544530552063,-0.007622454787251335,0.012680454837735437
2026-01-14 14:00:00,-0.002500672868051813,5.965632301099239e-06,-0.002506638500352912,1.0518099225813051,-0.01010998654896739,0.014914080752748094
2026-01-14 15:00:00,-0.006917051211542038,4.557968058828035e-06,-0.006921609179600866,1.0445297053659712,-0.016961618352865148,0.011394920147070088
2026-01-15 09:00:00,0.021663179275626006,3.0910997640608952e-06,0.021660088175861944,1.0671543108865054,0.0,0.007727749410152238
2026-01-15 10:00:00,0.001694667005231355,4.403111443906066e-06,0.001690263893787449,1.0689580832872965,0.0,0.011007778609765165
2026-01-15 11:00:00,-0.00392494070956695,3.993438058915814e-06,-0.003928934147625866,1.0647582173714882,-0.0039289341476259395,0.009983595147289534
2026-01-15 12:00:00,0.004904352901564393,1.601752431542783e-05,0.004888335377248965,1.0699631126336817,0.0,0.04004381078856957
2026-01-15 13:00:00,-0.000735527201319697,1.5424078480635775e-05,-0.0007509512798003328,1.0691596224649103,-0.0007509512798003778,0.03856019620158944
2026-01-15 14:00:00,0.00196251030534007,1.775692951229379e-05,0.001944753375827776,1.0712388742499974,0.0,0.04439232378073447
2026-01-15 15:00:00,0.0027151728981507223,1.784548683761469e-05,0.0026973274113131075,1.0741283562295763,0.0,0.04461371709403672
2026-01-16 09:00:00,0.017017928943529353,1.787100452328704e-05,0.017000057939006066,1.0923886005194086,0.0,0.0446775113082176
2026-01-16 10:00:00,-0.0007044898523411586,1.6894322892627344e-05,-0.000721384175233786,1.091600568669788,-0.0007213841752338081,0.042235807231568355
2026-01-16 11:00:00,-0.009009877036350731,1.6618290533365235e-05,-0.009026495326884097,1.0817472412378661,-0.00974136793123131,0.04154572633341309
2026-01-16 12:00:00,0.0001434295235344062,1.2928806682423958e-05,0.00013050071685198223,1.0818884100283004,-0.00961213846987743,0.03232201670605989
2026-01-16 13:00:00,0.005556013365470014,1.0376377445998264e-05,0.0055456369880240155,1.087888170411868,-0.0041198069124858865,0.02594094361499566
2026-01-16 14:00:00,0.003901746233771576,1.010942956358397e-05,0.0038916368042079923,1.0921218360547051,-0.00024420290048484235,0.025273573908959925
2026-01-16 15:00:00,0.0025533744726707855,9.529975974721389e-06,0.002543844496696064,1.0949000241770745,0.0,0.02382493993680347
2026-01-20 09:00:00,0.009729610143458758,1.2593721445568111e-05,0.00971701642201319,1.105539185692466,0.0,0.031484303613920274
2026-01-20 10:00:00,-0.010839121186219342,1.4904500801531699e-05,-0.010854025687020874,1.0935396349729518,-0.010854025687020801,0.03726125200382924
2026-01-20 11:00:00,0.0032336904135574556,1.255906560289027e-05,0.0032211313479545652,1.097062069771394,-0.007667856581458206,0.03139766400722567
2026-01-20 12:00:00,0.0047153393337679905,1.550459147536714e-05,0.004699834742292623,1.102218080201357,-0.003004059497926035,0.03876147868841785
2026-01-20 13:00:00,-0.004268171702307399,1.5716593269640632e-05,-0.00428388829557704,1.0974963010684091,-0.007275078738180623,0.03929148317410158
2026-01-20 14:00:00,0.0019314803249019456,1.582895817080981e-05,0.0019156513667311357,1.0995987213575331,-0.0053733638859774216,0.03957239542702452
2026-01-20 15:00:00,-0.0015897201974117542,1.5810395067488658e-05,-0.001605530592479243,1.0978332819709424,-0.0069702673783533,0.03952598766872163
2026-01-21 09:00:00,-0.010138373895861091,1.020527595493244e-05,-0.010148579171816023,1.0866918339914058,-0.017048108239831297,0.025513189887331096
2026-01-21 10:00:00,0.014437022589018127,1.1058040215384908e-05,0.014425964548802742,1.1023684118640393,-0.0028680790961204314,0.027645100538462263
2026-01-21 11:00:00,0.011141851166252343,1.1192204879370895e-05,0.011130658961372972,1.1146384987062883,0.0,0.02798051219842724
2026-01-21 12:00:00,-0.0015926942390356925,1.192650796045316e-05,-0.0016046207469961457,1.1128499266458636,-0.0016046207469961118,0.029816269901132897
2026-01-21 13:00:00,-0.0005836444761825987,1.1111238729601428e-05,-0.0005947557149122002,1.1121880527921513,-0.0021984221045488164,0.02777809682400357
2026-01-21 14:00:00,-0.003732530804349237,1.2209930322316467e-05,-0.0037447407346715535,1.1080231968862455,-0.0059349303184134256,0.03052482580579117
2026-01-21 15:00:00,-0.0022260127466906276,9.803648893156002e-06,-0.0022358163955837835,1.10554586045596,-0.008157477299484692,0.024509122232890007
2026-01-22 09:00:00,-0.022137054414060185,6.8138827218633e-06,-0.022143868296782047,1.0810647985259707,-0.030120707493312936,0.017034706804658246
2026-01-22 10:00:00,-0.004455773018153708,5.47917663991798e-06,-0.004461252194793626,1.0762418958208326,-0.03444758361569325,0.01369794159979495
2026-01-22 11:00:00,0.004809009493879659,6.115180731321164e-06,0.004802894313148337,1.0814109719018425,-0.029810137405994377,0.01528795182830291
2026-01-22 12:00:00,0.0033041049391716554,7.79276361818048e-06,0.003296312175553475,1.0849756400552997,-0.02661208874932723,0.019481909045451204
2026-01-22 13:00:00,-4.436557953815118e-06,8.763657025724907e-06,-1.3200214979540025e-05,1.0849613181436033,-0.026624937679014294,0.021909142564312267
2026-01-22 14:00:00,0.00020841804375782737,6.2989215259196525e-06,0.0002021191222319077,1.085180609572882,-0.026428199965815618,0.01574730381479913
2026-01-22 15:00:00,-0.0008709278338249128,6.3850658465570115e-06,-0.0008773128996714698,1.0842285666256304,-0.027282327064741943,0.01596266461639253
2026-01-23 09:00:00,-0.005154307696944822,6.606289718745757e-06,-0.005160913986663567,1.078632956251392,-0.03230243930806824,0.01651572429686439
2026-01-23 10:00:00,0.0004709748210060885,8.11367681617647e-06,0.00046286114418991203,1.0791322135356836,-0.031854529707896595,0.020284192040441174
2026-01-23 11:00:00,-0.008397616446396191,9.77715135858158e-06,-0.008407393597754772,1.0700595242724726,-0.03999410973652578,0.024442878396453954
2026-01-23 12:00:00,-0.004837993915586003,1.1905669883189413e-05,-0.004849899585469193,1.0648698430292762,-0.04465004190576257,0.02976417470797353
2026-01-23 13:00:00,0.004038604014044504,1.1176091423325134e-05,0.004027427922621178,1.0691585295690496,-0.04080243880865888,0.027940228558312834
2026-01-23 14:00:00,0.00588431183441558,1.1332101843747375e-05,0.005872979732571833,1.0754376759441149,-0.03516909097224981,0.028330254609368437
2026-01-23 15:00:00,-0.001733051635726314,1.2214184824978414e-05,-0.0017452658205512925,1.0735607513261565,-0.0368529773803874,0.03053546206244603
2026-01-26 09:00:00,0.003991791193631382,8.398208494856759e-06,0.003983392985136526,1.0778371656921069,-0.03301638428682942,0.020995521237141893
2026-01-26 10:00:00,-0.00551690872317325,7.0536362537779775e-06,-0.0055239623594270275,1.0718832337592321,-0.03835796538221165,0.017634090634444943
2026-01-26 11:00:00,0.0012636886670227647,9.224567264521752e-06,0.001254464099758243,1.073227872795116,-0.037151619972965115,0.02306141816130438
2026-01-26 12:00:00,0.0007313132423273457,9.847371228341005e-06,0.0007214658710990047,1.0740021700772497,-0.03645695772773266,0.02461842807085251
2026-01-26 13:00:00,-0.001716008642316798,1.3951276837215092e-05,-0.0017299599191540132,1.0721441893699317,-0.03812384857124335,0.034878192093037726
2026-01-26 14:00:00,9.618014725218762e-05,1.3753766381576373e-05,8.242638087061125e-05,1.072232562335233,-0.03804456460123536,0.03438441595394093
2026-01-26 15:00:00,-0.0019691358068215908,1.7953252210345754e-05,-0.0019870890590319365,1.0701019407418788,-0.039956055722192525,0.04488313052586439
2026-01-27 09:00:00,0.033814134908622895,1.7750152448442424e-05,0.033796384756174455,1.1062675176595202,-0.007510041198544516,0.04437538112110606
2026-01-27 10:00:00,0.0025057138630922727,1.6802762702774086e-05,0.0024889111003894987,1.1090209191642233,-0.00503982192305852,0.042006906756935206
2026-01-27 11:00:00,0.00047807309648301654,1.7004772007481798e-05,0.00046106832447553474,1.1095322535812306,-0.004581077300832722,0.04251193001870449
2026-01-27 12:00:00,0.004392425929592906,1.875145469533072e-05,0.004373674474897575,1.1143849864777946,-0.00022743896679319812,0.046878636738326804
2026-01-27 13:00:00,-0.0011486423004868377,1.8735424066679053e-05,-0.0011673777245535168,1.1130840782680036,-0.0013945511841631474,0.04683856016669763
2026-01-27 14:00:00,-0.003020333305655873,1.908190767912622e-05,-0.003039415213334999,1.109700953586795,-0.00442972777741311,0.04770476919781554
2026-01-27 15:00:00,-0.009266327471706243,1.906394215844985e-05,-0.009285391413864693,1.0993969458804027,-0.013673987435007647,0.04765985539612462
2026-01-28 09:00:00,0.020845673329852023,7.114884409627723e-06,0.020838558445442395,1.1223067933918724,0.0,0.017787211024069306
2026-01-28 10:00:00,0.015043925365110008,6.7719371473109006e-06,0.015037153427962698,1.139183092837351,0.0,0.01692984286827725
2026-01-28 11:00:00,0.010282905052218006,6.086529695754121e-06,0.010276818522522251,1.150890270746366,0.0,0.015216324239385303
2026-01-28 12:00:00,0.0030837680492868634,5.215913386296434e-06,0.003078552135900567,1.1544333464475593,0.0,0.013039783465741084
2026-01-28 13:00:00,0.0001428058451845753,3.503341150486506e-06,0.00013930250403408877,1.15459416190346,0.0,0.008758352876216265
2026-01-28 14:00:00,0.009287582108063954,3.6593298752309824e-06,0.009283922778188724,1.1653133249427192,0.0,0.009148324688077455
2026-01-28 15:00:00,-0.0023848932410588195,3.6551938848843316e-06,-0.0023885484349437038,1.162529917624208,-0.002388548434943829,0.009137984712210827
2026-01-29 09:00:00,0.024685485118282474,5.252406016807647e-06,0.024680232712265666,1.1912214265261447,0.0,0.013131015042019118
2026-01-29 10:00:00,-0.01348111869781474,7.994153781594802e-06,-0.013489112851596334,1.175152906272494,-0.013489112851596385,0.019985384453987006
2026-01-29 11:00:00,0.012274034019606403,9.910401403114008e-06,0.012264123618203289,1.1895651267853107,-0.0013904213809049386,0.02477600350778502
2026-01-29 12:00:00,-0.0014754592101380122,8.794129924594852e-06,-0.001484253340062607,1.1877995107726576,-0.0028726109833888684,0.021985324811487128
2026-01-29 13:00:00,0.009519000410425126,8.811238143061007e-06,0.009510189172282064,1.1990957088188494,0.0,0.022028095357652516
2026-01-29 14:00:00,0.00029957336124147296,9.29572564491266e-06,0.00029027763559656033,1.1994437794860595,0.0,0.023239314112281646
2026-01-29 15:00:00,-0.0065420655776257264,9.52874243516524e-06,-0.006551594320060892,1.1915855104331463,-0.006551594320060864,0.023821856087913103
2026-01-30 09:00:00,0.008475394297351231,8.906587603125119e-06,0.008466487709748106,1.2016740545123423,0.0,0.022266469007812803
2026-01-30 10:00:00,-0.004755325458207739,9.19311921014075e-06,-0.00476451857741788,1.1959486561556172,-0.004764518577417897,0.022982798025351872
2026-01-30 11:00:00,-0.003812368503154792,7.623175425575586e-06,-0.0038199916785803677,1.1913801422410932,-0.008566309834680189,0.019057938563938965
2026-01-30 12:00:00,-0.016601055671896285,7.963904459147863e-06,-0.01660901957635543,1.1715924861357299,-0.025033051403294235,0.019909761147869656
2026-01-30 13:00:00,0.0014756426835309622,1.1324069258232017e-05,0.0014643186142727302,1.1733080708215204,-0.02360538915216342,0.02831017314558004
2026-01-30 14:00:00,-0.0016381317999902166,1.0848692434016783e-05,-0.0016489804924242333,1.1713733087011318,-0.025215444818359724,0.027121731085041956
2026-01-30 15:00:00,0.00042026844699544035,1.499712648951427e-05,0.00040527132050592607,1.1718480327087544,-0.024820392594472558,0.037492816223785676
2026-02-02 09:00:00,0.011730001667298559,1.4007435370033343e-05,0.011715994231928525,1.185577397500667,-0.013395193939015074,0.03501858842508335
2026-02-02 10:00:00,0.0037911023336852103,1.404933780823288e-05,0.0037770529958769776,1.190055386161741,-0.009668735300535775,0.035123344520582196
2026-02-02 11:00:00,0.004161216846775024,1.3222044789682008e-05,0.004147994801985342,1.1949917297176145,-0.005560846362318812,0.03305511197420502
2026-02-02 12:00:00,0.006689168541744563,1.3594890758387514e-05,0.006675573650986175,1.2029689850216638,0.0,0.03398722689596878
2026-02-02 13:00:00,0.0060030991663497695,1.3550058402838525e-05,0.005989549107946931,1.2101742268327882,0.0,0.033875146007096305
2026-02-02 14:00:00,-0.0008419659919388796,1.3630172834404569e-05,-0.0008555961647732842,1.2091388064056026,-0.0008555961647733018,0.03407543208601142
2026-02-02 15:00:00,0.0028643563207455163,1.5494694282751622e-05,0.0028488616264627648,1.2125834755522384,0.0,0.03873673570687904
2026-02-03 09:00:00,0.011219950051269825,6.744997562517892e-06,0.011213205053707306,1.2261804227083428,0.0,0.016862493906294726
2026-02-03 10:00:00,0.013892595236106349,6.394202540718077e-06,0.01388620103356563,1.2432074105614934,0.0,0.015985506351795194
2026-02-03 11:00:00,-0.00017320878429269307,6.486345206157129e-06,-0.0001796951294988502,1.2429840122448585,-0.000179695129498925,0.01621586301539282
2026-02-03 12:00:00,0.0022627862375078417,6.5546714330913535e-06,0.0022562315660747505,1.2457884720094117,0.0,0.01638667858272838
2026-02-03 13:00:00,-0.002561053873760186,4.9945043443011396e-06,-0.002566048378104487,1.2425917185213506,-0.0025660483781044987,0.012486260860752846
2026-02-03 14:00:00,-0.0008564547103318791,6.2479583126443885e-06,-0.0008627026686445236,1.2415197313297466,-0.0034265373099654477,0.015619895781610972
2026-02-03 15:00:00,-0.0019557177206075207,5.5993517597584606e-06,-0.001961317072367279,1.2390847174850088,-0.005381133856207505,0.01399837939939615
2026-02-04 09:00:00,0.02270947003077617,4.738429854422343e-06,0.022704731600921745,1.2672178034263097,0.0,0.011846074636055855
2026-02-04 10:00:00,-0.0408292329079101,4.050566120191316e-06,-0.04083328347403029,1.2154731396356653,-0.040833283474030264,0.010126415300478291
2026-02-04 11:00:00,0.00298371573240057,4.665352677916748e-06,0.002979050379722653,1.2190940953538396,-0.037975877502946224,0.01166338169479187
2026-02-04 12:00:00,-0.00208893860686793,4.740289842552317e-06,-0.002093678896710482,1.2165417037732928,-0.03999004710634479,0.011850724606380795
2026-02-04 13:00:00,-0.0066999720556916754,5.592442599838785e-06,-0.006705564498291515,1.2083841049137796,-0.046427455764475004,0.013981106499596961
2026-02-04 14:00:00,0.006372569043214378,5.200553136045623e-06,0.006367368490078332,1.216078331787319,-0.040355707993306,0.013001382840114059
2026-02-04 15:00:00,0.004289912751949445,3.932948714058416e-06,0.004285979803235387,1.2212904189565115,-0.03624269193947527,0.00983237178514604
2026-02-05 09:00:00,0.00675635489447081,4.74458890421143e-06,0.006751610305566599,1.2295360959352282,-0.029735778166308575,0.011861472260528576
2026-02-05 10:00:00,-0.0010527040589689539,5.153476855571099e-06,-0.0010578575358245249,1.2282354219105749,-0.03076217948511621,0.012883692138927746
2026-02-05 11:00:00,0.001432007081956881,3.653652833201049e-06,0.00142835342912368,1.229989776187232,-0.029377765320547405,0.009134132083002622
2026-02-05 12:00:00,0.005149824220204734,4.831217280142667e-06,0.005144993002924591,1.2363180649793841,-0.024383920714638598,0.012078043200356667
2026-02-05 13:00:00,0.0008768429391545303,6.396911182466089e-06,0.0008704460279720642,1.2373942131283555,-0.023534699573598997,0.015992277956165223
2026-02-05 14:00:00,0.006162754236440428,7.00320710966044e-06,0.006155751029330768,1.2450113038295085,-0.017523822295393236,0.017508017774151098
2026-02-05 15:00:00,0.0029240236130913724,7.576696636968319e-06,0.002916446916454404,1.248642313207513,-0.014658482676436657,0.018941741592420794
2026-02-06 09:00:00,-0.009383993158377428,6.9827006255531e-06,-0.009390975859002981,1.2369163433876518,-0.02391180107849553,0.01745675156388275
2026-02-06 10:00:00,-0.008338591926222163,7.462011833788322e-06,-0.008346053938055951,1.2265929728688754,-0.03205828583499439,0.0186550295844708
2026-02-06 11:00:00,-0.002589399982157797,8.601622595370229e-06,-0.002598001604753167,1.2234062823569831,-0.03457299996170257,0.021504056488425575
2026-02-06 12:00:00,-0.0010817705464853415,9.865050810923553e-06,-0.001091635597296265,1.2220707685092063,-0.03562689444153539,0.02466262702730888
2026-02-06 13:00:00,0.003964339323362772,9.773475455216558e-06,0.003954565847907556,1.226903527834079,-0.03181321749365329,0.024433688638041393
2026-02-06 14:00:00,-0.0006192710632852105,9.495771323041988e-06,-0.0006287668346082525,1.226132091586513,-0.03242198123219935,0.023739428307604966
2026-02-06 15:00:00,-0.004470605232493705,9.68611617108082e-06,-0.004480291348664785,1.2206386625842578,-0.03675701265884289,0.02421529042770205
2026-02-09 09:00:00,0.0010660701251450381,5.499376281134548e-06,0.0010605707488639037,1.221933236244727,-0.03573542532242054,0.013748440702836368
2026-02-09 10:00:00,-0.0034516174314555277,5.5353144063978405e-06,-0.0034571527458619254,1.2177088264017837,-0.03906903524450449,0.013838286015994601
2026-02-09 11:00:00,-0.0021168104124897383,6.2564324970970255e-06,-0.0021230668449868356,1.2151235491656023,-0.04110915591609805,0.015641081242742563
2026-02-09 12:00:00,-0.0023096705344382382,9.68500094735063e-06,-0.0023193555353855887,1.2123052456356678,-0.04333316470315452,0.024212502368376576
2026-02-09 13:00:00,-0.001240067842349374,9.639278057740853e-06,-0.0012497071204071147,1.2107902191380902,-0.04452871805908219,0.02409819514435213
2026-02-09 14:00:00,0.001490624968441348,9.057695404591399e-06,0.0014815672730367567,1.2125840863012782,-0.043113123077431995,0.022644238511478496
2026-02-09 15:00:00,-0.0014604228116117683,9.656759870928995e-06,-0.0014700795714826973,1.2108014912073017,-0.044519822927415714,0.024141899677322484
2026-02-10 09:00:00,-0.017455983109057955,8.970122326287968e-06,-0.017464953231384243,1.189654899790876,-0.06120723953350305,0.022425305815719915
2026-02-10 10:00:00,-0.00511413459030975,9.418881126813623e-06,-0.005123553471436564,1.183559639299241,-0.06601719444035073,0.023547202817034055
2026-02-10 11:00:00,0.005925232363478869,9.045710338468184e-06,0.0059161866531404015,1.1905617990404587,-0.06049157783183616,0.022614275846170456
2026-02-10 12:00:00,0.003864863354717665,9.162293654928078e-06,0.003855701061062737,1.1951522494322797,-0.056869114211605,0.022905734137320194
2026-02-10 13:00:00,0.0008654188101689159,8.755774483124846e-06,0.000856663035685791,1.196176092186385,-0.05606116884393647,0.021889436207812113
2026-02-10 14:00:00,-0.001542438030855696,1.0681329135027807e-05,-0.0015531193599907238,1.1943182879396523,-0.057527218517251996,0.026703322837569522
2026-02-10 15:00:00,-0.0009627968581122199,1.038799664807287e-05,-0.0009731848547602927,1.1931559954700663,-0.058444418754214716,0.025969991620182174
2026-02-11 09:00:00,0.033997968207899396,1.0313828887430533e-05,0.03398765437901197,1.233708569064349,-0.026443153080203185,0.025784572218576333
2026-02-11 10:00:00,-0.0002455448821359305,1.090745424539463e-05,-0.0002564523363813251,1.233392181619399,-0.02669282400819572,0.027268635613486573
2026-02-11 11:00:00,0.005997157762909131,1.0139269980727108e-05,0.005987018492928404,1.2407765234197876,-0.020865615946232815,0.02534817495181777
2026-02-11 12:00:00,-5.772647947766625e-05,1.1896380452011833e-05,-6.962285992967809e-05,1.2406901370096934,-0.02093378608230619,0.029740951130029586
2026-02-11 13:00:00,-0.005513734508323842,1.0405979744228339e-05,-0.005524140488068071,1.2338363903906915,-0.026342285395108425,0.026014949360570847
2026-02-11 14:00:00,0.002337743419856068,1.1350527871113621e-05,0.0023263928919849543,1.2367067785991688,-0.024077175008625277,0.028376319677784048
2026-02-11 15:00:00,-0.0003874745643112794,1.2862216803073453e-05,-0.0004003367811143529,1.236211679388242,-0.02446787281099837,0.03215554200768363
2026-02-12 09:00:00,0.01903728694107511,1.3809875301065902e-05,0.019023477065774046,1.2597287239195263,-0.005909859762492642,0.03452468825266475
2026-02-12 10:00:00,0.0046180423618749685,8.76430231305839e-06,0.00460927805956191,1.2655351638876884,-0.00132782188986915,0.021910755782645976
2026-02-12 11:00:00,-0.0037954860385194084,7.584155572529059e-06,-0.0038030701940919374,1.2607222448263318,-0.005125842284108734,0.018960388931322646
2026-02-12 12:00:00,-0.007050131949195933,7.381344011078664e-06,-0.007057513293207012,1.2518246808244282,-0.012147179877256716,0.01845336002769666
2026-02-12 13:00:00,0.004394747973880833,6.366075820259882e-06,0.004388381898060573,1.2573181655933037,-0.007812104443481918,0.015915189550649706
2026-02-12 14:00:00,-0.006069922284116966,6.1591135890856106e-06,-0.006076081397706052,1.2496785980763443,-0.013840718858701999,0.015397783972714026
2026-02-12 15:00:00,-0.010289170965653167,5.07873717604053e-06,-0.010294249702829208,1.2368140945394648,-0.023992488745533138,0.012696842940101321
2026-02-13 09:00:00,-0.003719960373299202,4.310664936764209e-06,-0.003724271038235966,1.2322078636274896,-0.027627405252798783,0.010776662341910522
2026-02-13 10:00:00,0.011162464330285508,6.425607569030913e-06,0.011156038722716477,1.2459544222685537,-0.016779578932890636,0.01606401892257728
2026-02-13 11:00:00,-0.005065315018460158,8.313433528708768e-06,-0.005073628451988867,1.2396329124618506,-0.021768074035793207,0.02078358382177192
2026-02-13 12:00:00,0.0014555098650156028,9.003719548506893e-06,0.0014465061454670958,1.24142604908785,-0.02035305554319387,0.02250929887126723
2026-02-13 13:00:00,0.003649864074040149,8.649110715237733e-06,0.0036412149633249114,1.24594634819365,-0.016785950430262236,0.02162277678809433
2026-02-13 14:00:00,-0.0005610399946754776,1.129869358433821e-05,-0.0005723386882598158,1.2452332448950827,-0.01734868186967157,0.028246733960845517
2026-02-13 15:00:00,-0.000809266856366134,1.1160262115548565e-05,-0.0008204271184816826,1.2442116217721357,-0.018154875659077533,0.027900655288871413
2026-02-17 09:00:00,0.0021137737942395086,8.374017782017407e-06,0.002105399776457491,1.2468311846424807,-0.01608769915377423,0.020935044455043517
2026-02-17 10:00:00,0.01700052079276299,1.0656478430965625e-05,0.016989864314332023,1.2680146772924343,0.0,0.02664119607741406
2026-02-17 11:00:00,0.006082363561789119,1.0429142635868758e-05,0.0060719344191532505,1.275713979255478,0.0,0.026072856589671893
2026-02-17 12:00:00,-0.0014053163045530345,1.152509557452967e-05,-0.0014168414001275642,1.2739064948749472,-0.0014168414001276039,0.028812738936324172
2026-02-17 13:00:00,-0.002621229074000076,1.1026008787147041e-05,-0.0026322550827872233,1.270553248028817,-0.004045366994937765,0.0275650219678676
2026-02-17 14:00:00,-0.0015170452427330846,1.1546659898167805e-05,-0.0015285919026312524,1.2686110906220185,-0.0055677751823373116,0.028866649745419512
2026-02-17 15:00:00,-0.0016917423168688098,1.1931643102331935e-05,-0.0017036739599711418,1.266449790941595,-0.007261963468715427,0.029829107755829837
2026-02-18 09:00:00,0.004123914929413297,1.2312346329679302e-05,0.0041116025830836185,1.2716569291733761,-0.003180219193388098,0.030780865824198252
2026-02-18 10:00:00,0.00042793202233274525,1.1801049286958535e-05,0.0004161309730457867,1.2721861050086933,-0.002765411608049862,0.029502623217396336
2026-02-18 11:00:00,0.00641411913243205,9.383952007360451e-06,0.00640473518042469,1.28033412011149,0.0,0.02345988001840113
2026-02-18 12:00:00,-0.002654043582932151,1.147626192533704e-05,-0.002665519844857488,1.2769213641062847,-0.0026655198448574647,0.028690654813342598
2026-02-18 13:00:00,-0.004169101714200291,1.080327792541665e-05,-0.004179904992125707,1.2715839541219047,-0.00683428321727712,0.02700819481354163
2026-02-18 14:00:00,0.001539087427610935,1.0587512488709096e-05,0.0015284999151222258,1.2735275700878508,-0.005316229503472471,0.02646878122177274
2026-02-18 15:00:00,0.002241407517884885,1.1545949920477332e-05,0.002229861567964408,1.2763673602721326,-0.0030982223913644724,0.02886487480119333
2026-02-19 09:00:00,-0.0124560967964151,1.1725460337756616e-05,-0.012467822256752857,1.260453838889939,-0.015527416562029843,0.02931365084439154
2026-02-19 10:00:00,0.0061417393204466495,6.711242317158444e-06,0.006135028078129491,1.268186758582715,-0.00948764962048912,0.016778105792896108
2026-02-19 11:00:00,-0.0024836161799195048,4.714490771157277e-06,-0.002488330670690662,1.2650310905751698,-0.011952371881636299,0.011786226927893191
2026-02-19 12:00:00,-2.6115799425270613e-05,5.88678211271096e-06,-3.200258153798157e-05,1.2649906063145455,-0.011983991956418638,0.014716955281777399
2026-02-19 13:00:00,0.0009576093661016219,7.294116094102185e-06,0.0009503152500075198,1.2661927461788425,-0.011045065276723281,0.018235290235255462
2026-02-19 14:00:00,0.0017772770045039604,7.053676623008565e-06,0.0017702233278809518,1.268434190115722,-0.009294394181053165,0.01763419155752141
2026-02-19 15:00:00,0.0013622341367269606,7.869102656521647e-06,0.001354365034070439,1.270152113030834,-0.007952617149474496,0.019672756641304114
2026-02-20 09:00:00,0.0015195348570216892,7.195378926463192e-06,0.001512339478095226,1.2720730142145564,-0.00645230472824871,0.01798844731615798
2026-02-20 10:00:00,0.004862783277939877,7.5041399529486015e-06,0.004855279137986928,1.2782492837824686,-0.0016283533308007127,0.018760349882371505
2026-02-20 11:00:00,0.0023349568389320436,4.7181172964807884e-06,0.002330238721635563,1.2812279097594415,0.0,0.01179529324120197
2026-02-20 12:00:00,0.0006087764991690806,6.490575094736976e-06,0.0006022859240743437,1.2819995752950208,0.0,0.01622643773684244
2026-02-20 13:00:00,0.00182087652615352,4.798385398226261e-06,0.0018160781407552938,1.2843277867001717,0.0,0.011995963495565653
2026-02-20 14:00:00,0.008723337536950981,7.191777041448134e-06,0.008716145759909533,1.2955221748925525,0.0,0.017979442603620336
2026-02-20 15:00:00,-0.0009155338747907045,7.945271779856522e-06,-0.000923479146570561,1.2943257871801195,-0.0009234791465705694,0.0198631794496413
2026-02-23 09:00:00,0.030427858545470754,2.899163842230746e-06,0.030424959381628522,1.333705596681669,0.0,0.007247909605576863
2026-02-23 10:00:00,0.00020111228130388018,1.2658750791917148e-06,0.00019984640622468846,1.3339721329521277,0.0,0.0031646876979792866
2026-02-23 11:00:00,0.002860560000254712,1.9443880644269566e-06,0.002858615612190285,1.3377854465176116,0.0,0.004860970161067391
2026-02-23 12:00:00,0.0023731704235332683,1.7725243894834481e-06,0.002371397899143785,1.3409578681149885,0.0,0.00443131097370862
2026-02-23 13:00:00,0.0015712837546316837,4.570871124584245e-06,0.0015667128835070993,1.3430587640832043,0.0,0.011427177811460612
2026-02-23 14:00:00,-0.003885448106921296,4.3054784683945945e-06,-0.003889753585389691,1.3378345964402227,-0.0038897535853896336,0.010763696170986487
2026-02-23 15:00:00,0.0017579783928354429,3.96846817051089e-06,0.001754009924664932,1.340181171599939,-0.002142566327117974,0.009921170426277225
2026-02-24 09:00:00,0.0018092997991253808,2.7934162418296922e-06,0.001806506382883551,1.3426022174406547,-0.00033993050398009134,0.006983540604574231
2026-02-24 10:00:00,-0.008273833739870336,3.3553687467591495e-06,-0.008277189108617095,1.3314892449892497,-0.00861430594353197,0.008388421866897873
2026-02-24 11:00:00,0.0006866041321438635,3.985972524329031e-06,0.0006826181596195345,1.3323981437272174,-0.007937568065582034,0.009964931310822578
2026-02-24 12:00:00,0.0005140513526435051,8.626452283566402e-06,0.0005054249003599387,1.3330715709262506,-0.007436155009770676,0.021566130708916
2026-02-24 13:00:00,-0.011747497770063375,1.1532146087670978e-05,-0.011759029916151046,1.3173959424433583,-0.019107742956700712,0.028830365219177444
2026-02-24 14:00:00,0.0051541711999123115,1.1570663357744904e-05,0.005142600536554566,1.3241707835238223,-0.014063405909327639,0.02892665839436226
2026-02-24 15:00:00,-0.0010780791917794652,1.1789169710465658e-05,-0.0010898683614899308,1.3227276116816504,-0.015137947009662176,0.02947292427616414
2026-02-25 09:00:00,0.010993526523264985,7.12284867904427e-06,0.010986403674585941,1.337259631175106,-0.004317854931728922,0.017807121697610673
2026-02-25 10:00:00,-0.012488406790571761,5.611892189336135e-06,-0.012494018682761097,1.3205518843595019,-0.016757926254303595,0.014029730473340336
2026-02-25 11:00:00,-0.004563769081173725,6.715068625319763e-06,-0.004570484149799045,1.3145163229030496,-0.021251818567773743,0.016787671563299404
2026-02-25 12:00:00,-0.0008137387020981045,8.067481476095725e-06,-0.0008218061835742002,1.3134360452604787,-0.02205615987543672,0.020168703690239313
2026-02-25 13:00:00,-0.00759279749509184,9.692065555857487e-06,-0.007602489560647697,1.3034506614378076,-0.029490967710883376,0.024230163889643712
2026-02-25 14:00:00,0.0010740568859443325,8.501361011761072e-06,0.0010655555249325715,1.3048395604915797,-0.028456836449530766,0.02125340252940268
2026-02-25 15:00:00,-0.0011637275602175332,7.149328112541579e-06,-0.0011708768883300748,1.3033117540072214,-0.029594393885747007,0.017873320281353945
2026-02-26 09:00:00,-0.05280798183694267,7.328689677331883e-06,-0.05281531052662,1.2344769390063361,-0.08084666730944426,0.018321724193329707
2026-02-26 10:00:00,-0.009569381419289518,7.588817308483662e-06,-0.009576970236598002,1.222654390103706,-0.08964937141949153,0.018972043271209157
2026-02-26 11:00:00,0.017017887440029862,7.83709824098058e-06,0.01701005034178888,1.2434518028299792,-0.07416426139865784,0.019592745602451445
2026-02-26 12:00:00,0.0001257832393278713,1.0276509646278258e-05,0.00011550672968159304,1.2435954298812408,-0.07405732114026965,0.025691274115695648
2026-02-26 13:00:00,0.0024031926054194274,9.796977307837435e-06,0.00239339562811159,1.2465718457462582,-0.07184117398080477,0.024492443269593586
2026-02-26 14:00:00,-0.005378921178409096,6.844368100276246e-06,-0.005385765546509372,1.2398581020481894,-0.0768400198076676,0.017110920250690616
2026-02-26 15:00:00,0.00016963896670711947,8.58680565622889e-06,0.00016105216105089058,1.2400577838749207,-0.07669134289786189,0.021467014140572224
2026-02-27 09:00:00,0.009618884267918817,4.496268420272968e-06,0.009614387999498543,1.2519801805508926,-0.06781429522518595,0.01124067105068242
2026-02-27 10:00:00,0.008100977741963115,5.102027610772722e-06,0.008095875714352342,1.262116056489465,-0.06026743561663318,0.012755069026931805
2026-02-27 11:00:00,-0.0012417391946275714,4.538771325872807e-06,-0.0012462779659534442,1.260543109057786,-0.06143860360551304,0.011346928314682017
2026-02-27 12:00:00,-0.0017015404416458573,5.12198616648351e-06,-0.001706662427812341,1.2583917874949193,-0.06304041107693469,0.012804965416208777
2026-02-27 13:00:00,-0.0043160797030329,6.1532509540851046e-06,-0.0043222329539869845,1.252952725041982,-0.06709016868873213,0.015383127385212761
2026-02-27 14:00:00,0.0011358765745112793,6.528321029149145e-06,0.00112934825348213,1.254367745013704,-0.06603658860008432,0.016320802572872863
2026-02-27 15:00:00,-0.0012655059666660758,7.125252472860145e-06,-0.001272631219138936,1.2527713974611188,-0.06722517959496534,0.01781313118215036
2026-03-02 09:00:00,-0.01309474540693142,6.605271273003697e-06,-0.013101350678204424,1.2363584000633565,-0.07944578962089079,0.01651317818250924
2026-03-02 10:00:00,-0.0059735448093919605,6.75034601485314e-06,-0.005980295155406813,1.2289646119131112,-0.08495097550551022,0.01687586503713285
2026-03-02 11:00:00,0.006170869406508154,6.935666480479296e-06,0.006163933740027675,1.2365398683497824,-0.07931067394964932,0.017339166201198238
2026-03-02 12:00:00,0.003734196535387641,1.1236682419332742e-05,0.003722959852968308,1.2411434566362431,-0.07588298455170753,0.028091706048331853
2026-03-02 13:00:00,-0.005416699014628127,1.2334310730839253e-05,-0.005429033325358967,1.2344052474486138,-0.08090004662510755,0.030835776827098135
2026-03-02 14:00:00,0.0021597877387862572,1.1035578261785771e-05,0.0021487521605244716,1.2370576783910319,-0.07892512861455522,0.027588945654464424
2026-03-02 15:00:00,0.0018514614236849142,1.1304529616591494e-05,0.0018401568940683228,1.239334058606283,-0.07723020634002234,0.028261324041478735
2026-03-03 09:00:00,-0.03297483758715519,6.87977978681182e-06,-0.032981717366942005,1.1984586929621055,-0.10766473886926714,0.01719944946702955
2026-03-03 10:00:00,-0.0021720054375292132,7.441005003363271e-06,-0.0021794464425325764,1.195846716427207,-0.10960953577968482,0.01860251250840818
2026-03-03 11:00:00,-0.003519662689469287,6.788154423743336e-06,-0.0035264508438930305,1.1916296217648956,-0.11274945398362889,0.016970386059358338
2026-03-03 12:00:00,-0.003969107461969098,7.122810024381421e-06,-0.00397623027199348,1.18689142798983,-0.11627736646354189,0.017807025060953552
2026-03-03 13:00:00,-0.0021348426630765907,8.102781056885484e-06,-0.0021429454441334764,1.184347984411538,-0.11817113585495645,0.020256952642213708
2026-03-03 14:00:00,-0.004076103692024579,7.186521174102081e-06,-0.004083290213198682,1.179511947877769,-0.121771899025636,0.0179663029352552
2026-03-03 15:00:00,-0.0008419216177417462,7.72689952144113e-06,-0.0008496485172631874,1.1785097773001603,-0.1225180842294478,0.019317248803602825
2026-03-04 09:00:00,0.0031950518107547077,6.368752270222981e-06,0.0031886830584844845,1.1822676714612954,-0.11972007251050387,0.015921880675557453
2026-03-04 10:00:00,0.012698535177315094,4.883675304698042e-06,0.012693651502010395,1.1972749652649184,-0.10854610588673724,0.012209188261745104
2026-03-04 11:00:00,-0.0004795402973007482,4.516711423292738e-06,-0.00048405700872404094,1.196695415926612,-0.10897762039213708,0.011291778558231842
2026-03-04 12:00:00,-0.00324773915891156,1.0233041748404733e-05,-0.003257972200659965,1.192796615528866,-0.11188054653506534,0.02558260437101183
2026-03-04 13:00:00,-4.302088947611303e-05,9.738846806860988e-06,-5.275973628297402e-05,1.1927336838939915,-0.11192740348321797,0.02434711701715247
2026-03-04 14:00:00,-0.0008701580694906251,8.996833739942518e-06,-0.0008791549032305675,1.1916850862275479,-0.11270815686087036,0.022492084349856296
2026-03-04 15:00:00,0.0008101121764458734,7.175618778034567e-06,0.0008029365576678389,1.1926419337485075,-0.11199571780269352,0.01793904694508642
2026-03-05 09:00:00,-0.014332278131213787,3.937239212470732e-06,-0.014336215370426257,1.1755439621264872,-0.12472633844213493,0.00984309803117683
2026-03-05 10:00:00,0.0011371706586245185,4.3356402162511764e-06,0.0011328350184082673,1.1768756594924625,-0.12373479778763168,0.01083910054062794
2026-03-05 11:00:00,-0.004043997185270524,3.1177647529423746e-06,-0.004047114950023467,1.1721127084166119,-0.1272811437876907,0.007794411882355937
2026-03-05 12:00:00,-0.009358950673913452,3.4756738684273553e-06,-0.00936242634778188,1.1611388895127623,-0.1354519098012988,0.008689184671068387
2026-03-05 13:00:00,0.0003531736513083466,6.271263645160916e-06,0.0003469023876631857,1.1615416913659429,-0.1351519960045592,0.01567815911290229
2026-03-05 14:00:00,-0.002842259594146459,5.708657004115904e-06,-0.0028479682511505745,1.158233657506545,-0.13761505566200907,0.014271642510289761
2026-03-05 15:00:00,0.005892553446156839,6.211222782836079e-06,0.005886342223374003,1.1650514171892585,-0.1325387627513505,0.015528056957090195
2026-03-06 09:00:00,-0.0050720089430126855,4.91205278795117e-06,-0.005076920995800637,1.159136543188143,-0.13694279491978137,0.012280131969877924
2026-03-06 10:00:00,-0.0034533133189563834,5.615678030827402e-06,-0.0034589289969872107,1.155127172187442,-0.13992804851249208,0.014039195077068503
2026-03-06 11:00:00,-0.0007978374200902078,6.795259896698536e-06,-0.0008046326799869063,1.1541977191151593,-0.14062009051179894,0.01698814974174634
2026-03-06 12:00:00,0.0008371688062527439,1.0629581736105633e-05,0.0008265392245166383,1.1551517088028556,-0.13990977930784546,0.026573954340264085
2026-03-06 13:00:00,-0.0008915788021843664,1.4046061871968312e-05,-0.0009056248640563348,1.1541055746936066,-0.14068869839703588,0.035115154679920775
2026-03-06 14:00:00,-0.0029501363675531575,1.0900151796547636e-05,-0.002961036519349705,1.1506882259397537,-0.14323315054257224,0.02725037949136909
2026-03-06 15:00:00,-0.003696901459203454,1.088277670743645e-05,-0.0037077842359108906,1.146421722275166,-0.14640985716084154,0.027206941768591127
2026-03-09 09:00:00,-0.005545543119696814,6.582783738483205e-06,-0.005552125903435298,1.1400566445346612,-0.15114909710381588,0.016456959346208014
2026-03-09 10:00:00,0.002724093253929601,4.9541885320836575e-06,0.002719139065397517,1.1431566170935814,-0.14884095345305287,0.012385471330209143
2026-03-09 11:00:00,0.0020059475859672236,5.601073190002476e-06,0.0020003465127772214,1.1454433264461428,-0.1471383404224739,0.01400268297500619
2026-03-09 12:00:00,0.0012419400875094033,6.788232162331247e-06,0.0012351518553470721,1.1468581228959975,-0.14608492676129242,0.016970580405828113
2026-03-09 13:00:00,-0.0016780193453417825,7.25129414903051e-06,-0.001685270639490813,1.1449253565738193,-0.14752400476284028,0.018128235372576275
2026-03-09 14:00:00,0.0002082059626219517,8.409607717839978e-06,0.00019979635490411174,1.1451541084867,-0.14735368316634864,0.021024019294599947
2026-03-09 15:00:00,0.004362010825003502,6.475093172319647e-06,0.004355535731831182,1.1501418681246671,-0.14363995166676546,0.016187732930799118
2026-03-10 09:00:00,0.008827503230108332,6.386143637466803e-06,0.008821117086470865,1.1602874042094473,-0.13608589941224203,0.015965359093667003
2026-03-10 10:00:00,0.004020348003842768,5.703405753727813e-06,0.0040146445980890405,1.1649455457689877,-0.1326175913351043,0.014258514384319534
2026-03-10 11:00:00,-0.002357813580038553,6.051513952394306e-06,-0.0023638650939909476,1.162191771656944,-0.1346679663340891,0.015128784880985765
2026-03-10 12:00:00,0.0007279671133470068,7.626326318161807e-06,0.0007203407870288451,1.163028945792418,-0.13404463237591693,0.01906581579540452
2026-03-10 13:00:00,0.0016187489291300708,7.651539306925476e-06,0.0016110973898231453,1.1649026986912727,-0.1326494939434345,0.019128848267313692
2026-03-10 14:00:00,-0.002654716203552343,8.329688732920163e-06,-0.002663045892285263,1.1618005093446109,-0.13495928814576,0.020824221832300406
2026-03-10 15:00:00,-0.0018464379770515953,8.076961246819577e-06,-0.001854514938298415,1.1596459329447086,-0.13656351906812994,0.020192403117048945
2026-03-11 09:00:00,0.0024401455311702657,7.64601808316714e-06,0.0024324995130870987,1.16246677111195,-0.13446321024868155,0.019115045207917847
2026-03-11 10:00:00,0.004837901391364925,7.922521405721487e-06,0.004829978869959204,1.1680814610534507,-0.1302826858430102,0.019806303514303715
2026-03-11 11:00:00,0.0015658632912393764,9.976916671902409e-06,0.001555886374567474,1.1698988630830887,-0.1289295045241879,0.02494229167975602
2026-03-11 12:00:00,-9.99797898693245e-06,1.0702594067217789e-05,-2.070057305415024e-05,1.1698746455062075,-0.12894753618261479,0.026756485168044474
2026-03-11 13:00:00,-0.00027388058258685696,1.3239336865412882e-05,-0.0002871199194522698,1.1695387511922204,-0.1291976326958648,0.03309834216353221
2026-03-11 14:00:00,-0.002173543619856942,1.1356494536323509e-05,-0.0021849001143932653,1.166983425840953,-0.13110024888780158,0.028391236340808774
2026-03-11 15:00:00,-0.0005085459556455078,1.0368943754005712e-05,-0.0005189148993995135,1.166377860753932,-0.13155113391473824,0.02592235938501428
2026-03-12 09:00:00,-0.012638659034869349,8.588974753432807e-06,-0.012647248009622782,1.1516263906760436,-0.1425346221077943,0.021472436883582014
2026-03-12 10:00:00,0.0003774266489740563,8.655988995175068e-06,0.0003687706599788812,1.1520510767001821,-0.14221841403448005,0.02163997248793767
2026-03-12 11:00:00,0.00695123435807262,8.649271778500148e-06,0.00694258508629412,1.1600492893239298,-0.1362631923884582,0.021623179446250366
2026-03-12 12:00:00,0.001982148171658989,1.08427377656408e-05,0.0019713054338933484,1.1623361007915582,-0.13456050332615982,0.027106844414102
2026-03-12 13:00:00,0.0028609705389850315,9.735203385491807e-06,0.0028512353355995396,1.1656501945539781,-0.1320929316524199,0.024338008463729518
2026-03-12 14:00:00,0.0009692926229306204,1.181350836326622e-05,0.0009574791145673541,1.166766280270155,-0.1312619287610916,0.02953377090816555
2026-03-12 15:00:00,0.0008129247678890566,1.428232183080455e-05,0.0007986424460582521,1.1676981093462082,-0.1305681176628935,0.03570580457701137
2026-03-13 09:00:00,0.00575712907464002,1.0344022486469981e-05,0.00574678505215355,1.174408619386427,-0.12557167951761292,0.02586005621617495
2026-03-13 10:00:00,0.0007430181587800234,8.787633429492973e-06,0.0007342305253505304,1.1752709060440154,-0.1249296475524836,0.021969083573732433
2026-03-13 11:00:00,0.0047946144570274905,6.554603467382114e-06,0.004788059853560109,1.180898173486302,-0.12073975832888893,0.016386508668455285
2026-03-13 12:00:00,0.0014529751646201027,5.928487637062616e-06,0.0014470466769830402,1.1826069882641008,-0.11946742771797535,0.014821219092656539
2026-03-13 13:00:00,-0.0002239707686545249,5.736504958085753e-06,-0.00022970727361261065,1.1823353348370715,-0.1196696924544813,0.014341262395214384
2026-03-13 14:00:00,0.0033714999429292265,5.381738306818183e-06,0.0033661182046224084,1.186315215331635,-0.11670639658017144,0.013454345767045458
2026-03-13 15:00:00,-0.007079112796597789,6.0398049618666475e-06,-0.007085152601559655,1.1779099909974582,-0.12296466655238249,0.015099512404666617
2026-03-16 09:00:00,0.0062336232202839185,3.405889370086778e-06,0.006230217330913832,1.1852486262376272,-0.11750054581811331,0.008514723425216943
2026-03-16 10:00:00,-0.0008703266113909682,2.273726704113798e-06,-0.000872600338095082,1.1842143778856455,-0.1182706151402011,0.005684316760284495
2026-03-16 11:00:00,-0.0016849507668495495,2.5932233973225337e-06,-0.001687543990246872,1.1822159640290808,-0.11975857226464524,0.006483058493306335
2026-03-16 12:00:00,0.00024770245913191335,3.710238024542585e-06,0.00024399222110737075,1.1825044155279727,-0.11954380020358148,0.009275595061356463
2026-03-16 13:00:00,0.00416425276882748,3.355102209629542e-06,0.0041608976666178505,1.1874246953913083,-0.11588031205628933,0.008387755524073854
2026-03-16 14:00:00,-0.002195638417263686,4.1105826801821705e-06,-0.0021997489999438682,1.1848126591051127,-0.11782515345567418,0.010276456700455428
2026-03-16 15:00:00,0.00019120669017520914,3.826654601678458e-06,0.00018738003557353068,1.1850346693433238,-0.11765985150154662,0.009566636504196145
2026-03-17 09:00:00,-0.010119805055568877,3.4591304673541493e-06,-0.010123264186036231,1.173038250315949,-0.126592013926743,0.008647826168385372
2026-03-17 10:00:00,0.011330598290130252,3.3339171277382387e-06,0.011327264373002514,1.1863255646969222,-0.1166986907629995,0.008334792819345597
2026-03-17 11:00:00,0.0006012024988607654,5.81327209322165e-06,0.0005953892267675437,1.1870318901575818,-0.11617278267949001,0.014533180233054126
2026-03-17 12:00:00,0.0011315060816949702,4.355811669657073e-06,0.0011271502700253132,1.1883698534731018,-0.11517657659283134,0.010889529174142681
2026-03-17 13:00:00,0.001562682653087007,6.754929224797746e-06,0.0015559277238622092,1.1902188710743224,-0.11379985529762959,0.016887323061994364
2026-03-17 14:00:00,0.003976837421030791,7.093639299955137e-06,0.003969743781730836,1.1949437350366683,-0.11028186778382851,0.01773409824988784
2026-03-17 15:00:00,0.0030934878236226976,6.9114617045021624e-06,0.0030865763619181957,1.1986320201230547,-0.10753568482816007,0.017278654261255407
2026-03-18 09:00:00,-0.0013303531738720646,4.985202982975471e-06,-0.00133533837685504,1.197031440786857,-0.10872742667818278,0.012463007457438675
2026-03-18 10:00:00,0.007463453181620514,5.839519177893941e-06,0.00745761366244262,1.2059584388140425,-0.10208066015841752,0.014598797944734851
2026-03-18 11:00:00,-0.003005565782823353,5.7883113768155935e-06,-0.0030113540942001684,1.2023268709318846,-0.10478461323871097,0.014470778442038982
2026-03-18 12:00:00,0.0008537095416287785,1.3659417266586844e-05,0.0008400501243621917,1.203336885769335,-0.1040325874417312,0.03414854316646711
2026-03-18 13:00:00,0.00014379076422720819,1.2601634764653629e-05,0.00013118912946255456,1.2034947504878293,-0.10391504625685082,0.031504086911634074
2026-03-18 14:00:00,0.0028088602806993967,1.1144550560224911e-05,0.002797715730139172,1.206861786682409,-0.10140805528622261,0.027861376400562278
2026-03-18 15:00:00,-0.006072230904744913,8.734834516016315e-06,-0.006080965739260929,1.19952290150557,-0.10687236211560297,0.021837086290040785
2026-03-19 09:00:00,-0.016357021555077334,9.221106435939701e-06,-0.016366242661513274,1.1798912186214872,-0.12148950576492328,0.023052766089849252
2026-03-19 10:00:00,0.010453307649527763,9.619581889050508e-06,0.010443688067638714,1.192213634462516,-0.11231461619898504,0.024048954722626265
2026-03-19 11:00:00,-0.003604985686836758,9.775094606040874e-06,-0.0036147607814427988,1.1879040673735595,-0.11552338651060902,0.024437736515102185
2026-03-19 12:00:00,0.007252145836189163,9.769383519706303e-06,0.007242376452669457,1.196507315819136,-0.10911767391213668,0.024423458799265753
2026-03-19 13:00:00,0.0017250378502173128,1.2205798808193406e-05,0.0017128320514091194,1.1985567318994164,-0.10759174210997954,0.030514497020483505
2026-03-19 14:00:00,-0.0026280151498116184,1.03711839436094e-05,-0.002638386333755228,1.1953944761977426,-0.10994625986172687,0.0259279598590235
2026-03-19 15:00:00,0.002085684157073812,9.073714985080536e-06,0.0020766104420887315,1.19787684484943,-0.10809796497093571,0.022684287462701343
2026-03-20 09:00:00,0.0017400499192129631,5.838358406252516e-06,0.0017342115608067106,1.1999542167221906,-0.10655121815068117,0.014595896015631287
2026-03-20 10:00:00,-0.023333944007066995,5.908153798258373e-06,-0.023339852160865253,1.1719474627040878,-0.12740418063234946,0.014770384495645932
2026-03-20 11:00:00,0.007929463166172572,7.454951919494846e-06,0.007922008214253077,1.1812316401303027,-0.12049146938359598,0.018637379798737117
2026-03-20 12:00:00,-0.004486018852498486,8.360677146859216e-06,-0.0044943795296453455,1.1759227368271317,-0.12444431451974679,0.020901692867148033
2026-03-20 13:00:00,-0.004525031894742132,8.218756573168826e-06,-0.0045332506513153,1.1705919843145136,-0.12841342790121296,0.020546891432922064
2026-03-20 14:00:00,0.0005562972721315218,7.723979422418971e-06,0.0005485732927091028,1.1712341398137678,-0.12793529878547577,0.01930994855604743
2026-03-20 15:00:00,0.0018977535696671495,7.416736819280748e-06,0.0018903368328478686,1.1734481668481465,-0.12628680276014362,0.01854184204820187
2026-03-23 09:00:00,0.00013212936853492099,5.980014360112534e-06,0.00012614935417480845,1.173596196576552,-0.12617658440457777,0.014950035900281336
2026-03-23 10:00:00,0.004817427763951496,5.221056748974198e-06,0.004812206707202522,1.179243784065265,-0.12197156550313892,0.013052641872435496
2026-03-23 11:00:00,-0.0062977859767949914,5.136289886409829e-06,-0.006302922266681402,1.1718111021608344,-0.1275057104737086,0.01284072471602457
2026-03-23 12:00:00,-0.0013445261032765503,7.407677958112242e-06,-0.0013519337812346625,1.1702268911465974,-0.12868526497765348,0.018519194895280606
2026-03-23 13:00:00,-0.005449269083001881,8.745738899658942e-06,-0.00545801482190154,1.1638397754297314,-0.13344091371594677,0.021864347249147355
2026-03-23 14:00:00,0.00040036419069195024,7.565236025205187e-06,0.00039279895466674505,1.1642969304769197,-0.13310053021269744,0.018913090063012967
2026-03-23 15:00:00,0.002793180196997053,7.598610026271075e-06,0.002785581586970782,1.167540174568223,-0.13068571101190307,0.018996525065677686
2026-03-24 09:00:00,0.02985714944512822,7.773918446987832e-06,0.02984937552668123,1.2023905196813969,-0.10473722234918746,0.01943479611746958
2026-03-24 10:00:00,0.00049066716203283,7.918470186671693e-06,0.00048274869184615835,1.2029709721318613,-0.10430503541441795,0.01979617546667923
2026-03-24 11:00:00,0.013828299744764922,8.408735574381236e-06,0.013819891009190542,1.2195958998539436,-0.09192662862636447,0.021021838935953087
2026-03-24 12:00:00,-0.0027889882147688937,1.6041911646512517e-05,-0.0028050301264154064,1.2161748966128005,-0.09447380179006314,0.04010477911628129
2026-03-24 13:00:00,0.002510141527401239,1.4986825077046986e-05,0.002495154702324192,1.2192094411249326,-0.0922143738385219,0.037467062692617466
2026-03-24 14:00:00,-0.0017443900841533726,1.3762594935964362e-05,-0.0017581526790893369,1.2170658847796478,-0.09381039956919643,0.034406487339910904
2026-03-24 15:00:00,0.003842887219474854,1.2200306170928954e-05,0.0038306869133039254,1.221728083137102,-0.09033907092585394,0.03050076542732238
2026-03-25 09:00:00,-0.02147896470508474,1.2750253094747585e-05,-0.02149171495817949,1.1954710514179163,-0.10988924432210828,0.031875632736868956
2026-03-25 10:00:00,0.014156922096196133,1.2311672957574361e-05,0.014144610423238559,1.212380523712482,-0.09729897444951008,0.030779182393935903
2026-03-25 11:00:00,0.010396361713554837,1.2662329352611037e-05,0.010383699384202225,1.224969518609974,-0.0879255983663828,0.03165582338152759
2026-03-25 12:00:00,-0.00020653785701417747,8.009723402822295e-06,-0.00021454758041699977,1.2247067043636717,-0.0881212817224136,0.020024308507055735
2026-03-25 13:00:00,-0.0024893904317755304,1.041141717936416e-05,-0.0024998018489548945,1.221645180279676,-0.0904007978283865,0.0260285429484104
2026-03-25 14:00:00,0.00155138372743288,8.736862089434111e-06,0.0015426468653434457,1.2235297473875963,-0.08899760747043754,0.021842155223585277
2026-03-25 15:00:00,-0.0005058993376512539,7.462371572695603e-06,-0.0005133617092239496,1.222901634065191,-0.08946528121577368,0.018655928931739004
2026-03-26 09:00:00,-0.013367825840285149,4.642685988085732e-06,-0.013372468526273234,1.2065484204529262,-0.10164137808479476,0.011606714970214328
2026-03-26 10:00:00,-0.0015734968903154283,6.0088862656619366e-06,-0.0015795057765810904,1.2046426702530961,-0.10306034071755117,0.015022215664154839
2026-03-26 11:00:00,0.004945391810377911,6.734081058786987e-06,0.004938657729319124,1.2105919880876093,-0.098630662736503,0.016835202646967466
2026-03-26 12:00:00,-0.003979539839627535,6.5684758109184006e-06,-0.0039861083154384535,1.20576643729729,-0.1022236185470503,0.016421189527296
2026-03-26 13:00:00,0.0013298581630195121,9.2206089971526e-06,0.0013206375540223596,1.2073588177357648,-0.10103798134258907,0.023051522492881497
2026-03-26 14:00:00,0.0014407505490312096,1.0922305337519457e-05,0.0014298282436936902,1.209085133473636,-0.09975262005830475,0.02730576334379864
2026-03-26 15:00:00,-0.0034467095139350847,1.2744741292488343e-05,-0.003459454255227573,1.2049023587637084,-0.10286698468760146,0.03186185323122086
2026-03-27 09:00:00,0.01697705026127315,4.87525081596899e-06,0.01697217501045718,1.2253521724671588,-0.08764068614406026,0.012188127039922475
2026-03-27 10:00:00,-0.003760953292478844,4.401455217014644e-06,-0.0037653547476958586,1.22073828684696,-0.0910760426180923,0.01100363804253661
2026-03-27 11:00:00,-0.0005761081464945553,4.407522009284338e-06,-0.0005805156685038396,1.220029629144303,-0.09160368721683099,0.011018805023210846
2026-03-27 12:00:00,0.0032062646419318826,4.218502594566887e-06,0.0032020461393373156,1.2239362203081816,-0.08869496031049534,0.010546256486417218
2026-03-27 13:00:00,0.0004597707245473314,4.752468059145527e-06,0.00045501825648818585,1.224493133633199,-0.08828029988020691,0.011881170147863818
2026-03-27 14:00:00,-0.0010291481007098033,4.958742857868472e-06,-0.0010341068435676718,1.2232268769038073,-0.08922311546151626,0.012396857144671179
2026-03-27 15:00:00,0.00031275989893175924,4.874679833451509e-06,0.00030788521909830773,1.2236034903788098,-0.08894270072087043,0.012186699583628773
